filename,role,source_offset_seconds,duration_seconds,timestamp,monitoring_period,transform,notes
healthy_01.wav,healthy,0,60,2026-01-15T09:00:00+00:00,reference,none,CC0 source clip; technical demonstration only
healthy_02.wav,healthy,70,60,2026-01-15T09:05:00+00:00,reference,none,CC0 source clip; technical demonstration only
healthy_03.wav,healthy,140,60,2026-01-15T09:10:00+00:00,reference,none,CC0 source clip; technical demonstration only
degraded_01.wav,degraded,210,60,2026-01-15T09:15:00+00:00,reference,"lowpass 1500Hz + pink-noise mix -18dB + peak -1dBFS",synthetic degraded reference; not ecological evidence
degraded_02.wav,degraded,280,60,2026-01-15T09:20:00+00:00,reference,"lowpass 1500Hz + pink-noise mix -18dB + peak -1dBFS",synthetic degraded reference; not ecological evidence
degraded_03.wav,degraded,350,60,2026-01-15T09:25:00+00:00,reference,"lowpass 1500Hz + pink-noise mix -18dB + peak -1dBFS",synthetic degraded reference; not ecological evidence
restored_01.wav,restored,20,60,2026-02-15T09:00:00+00:00,2026-02,none,technical repeat observation; not ecological evidence
restored_02.wav,restored,160,60,2026-06-15T09:00:00+00:00,2026-06,none,technical repeat observation; not ecological evidence
restored_03.wav,restored,300,60,2026-10-15T09:00:00+00:00,2026-10,none,technical repeat observation; not ecological evidence
